--
-- PostgreSQL database dump
--

-- Dumped from database version 14.5
-- Dumped by pg_dump version 14.5

-- Started on 2022-12-14 20:40:13

SET statement_timeout = 0;
SET lock_timeout = 0;
SET idle_in_transaction_session_timeout = 0;
SET client_encoding = 'UTF8';
SET standard_conforming_strings = on;
SELECT pg_catalog.set_config('search_path', '', false);
SET check_function_bodies = false;
SET xmloption = content;
SET client_min_messages = warning;
SET row_security = off;

SET default_tablespace = '';

SET default_table_access_method = heap;

--
-- TOC entry 210 (class 1259 OID 17141)
-- Name: category; Type: TABLE; Schema: public; Owner: postgres
--

CREATE TABLE public.category (
    id integer NOT NULL,
    name character varying(255)
);


ALTER TABLE public.category OWNER TO postgres;

--
-- TOC entry 209 (class 1259 OID 17140)
-- Name: category_id_seq; Type: SEQUENCE; Schema: public; Owner: postgres
--

ALTER TABLE public.category ALTER COLUMN id ADD GENERATED BY DEFAULT AS IDENTITY (
    SEQUENCE NAME public.category_id_seq
    START WITH 1
    INCREMENT BY 1
    NO MINVALUE
    NO MAXVALUE
    CACHE 1
);


--
-- TOC entry 212 (class 1259 OID 17473)
-- Name: image; Type: TABLE; Schema: public; Owner: postgres
--

CREATE TABLE public.image (
    id integer NOT NULL,
    file_name character varying(255),
    product_id integer NOT NULL
);


ALTER TABLE public.image OWNER TO postgres;

--
-- TOC entry 211 (class 1259 OID 17472)
-- Name: image_id_seq; Type: SEQUENCE; Schema: public; Owner: postgres
--

ALTER TABLE public.image ALTER COLUMN id ADD GENERATED BY DEFAULT AS IDENTITY (
    SEQUENCE NAME public.image_id_seq
    START WITH 1
    INCREMENT BY 1
    NO MINVALUE
    NO MAXVALUE
    CACHE 1
);


--
-- TOC entry 214 (class 1259 OID 17479)
-- Name: orders; Type: TABLE; Schema: public; Owner: postgres
--

CREATE TABLE public.orders (
    id integer NOT NULL,
    count integer NOT NULL,
    date_time timestamp without time zone,
    number character varying(255),
    price real NOT NULL,
    status integer,
    person_id integer NOT NULL,
    product_id integer NOT NULL
);


ALTER TABLE public.orders OWNER TO postgres;

--
-- TOC entry 213 (class 1259 OID 17478)
-- Name: orders_id_seq; Type: SEQUENCE; Schema: public; Owner: postgres
--

ALTER TABLE public.orders ALTER COLUMN id ADD GENERATED BY DEFAULT AS IDENTITY (
    SEQUENCE NAME public.orders_id_seq
    START WITH 1
    INCREMENT BY 1
    NO MINVALUE
    NO MAXVALUE
    CACHE 1
);


--
-- TOC entry 220 (class 1259 OID 17583)
-- Name: person; Type: TABLE; Schema: public; Owner: postgres
--

CREATE TABLE public.person (
    id integer NOT NULL,
    login character varying(50),
    password character varying(255),
    role character varying(255)
);


ALTER TABLE public.person OWNER TO postgres;

--
-- TOC entry 219 (class 1259 OID 17582)
-- Name: person_id_seq; Type: SEQUENCE; Schema: public; Owner: postgres
--

ALTER TABLE public.person ALTER COLUMN id ADD GENERATED BY DEFAULT AS IDENTITY (
    SEQUENCE NAME public.person_id_seq
    START WITH 1
    INCREMENT BY 1
    NO MINVALUE
    NO MAXVALUE
    CACHE 1
);


--
-- TOC entry 216 (class 1259 OID 17493)
-- Name: product; Type: TABLE; Schema: public; Owner: postgres
--

CREATE TABLE public.product (
    id integer NOT NULL,
    date_time_of_created timestamp without time zone,
    description text NOT NULL,
    master character varying(255) NOT NULL,
    price real NOT NULL,
    title text NOT NULL,
    weight character varying(255) NOT NULL,
    category_id integer NOT NULL,
    CONSTRAINT product_price_check CHECK ((price >= (1)::double precision))
);


ALTER TABLE public.product OWNER TO postgres;

--
-- TOC entry 218 (class 1259 OID 17502)
-- Name: product_cart; Type: TABLE; Schema: public; Owner: postgres
--

CREATE TABLE public.product_cart (
    id integer NOT NULL,
    person_id integer,
    product_id integer
);


ALTER TABLE public.product_cart OWNER TO postgres;

--
-- TOC entry 217 (class 1259 OID 17501)
-- Name: product_cart_id_seq; Type: SEQUENCE; Schema: public; Owner: postgres
--

ALTER TABLE public.product_cart ALTER COLUMN id ADD GENERATED BY DEFAULT AS IDENTITY (
    SEQUENCE NAME public.product_cart_id_seq
    START WITH 1
    INCREMENT BY 1
    NO MINVALUE
    NO MAXVALUE
    CACHE 1
);


--
-- TOC entry 215 (class 1259 OID 17492)
-- Name: product_id_seq; Type: SEQUENCE; Schema: public; Owner: postgres
--

ALTER TABLE public.product ALTER COLUMN id ADD GENERATED BY DEFAULT AS IDENTITY (
    SEQUENCE NAME public.product_id_seq
    START WITH 1
    INCREMENT BY 1
    NO MINVALUE
    NO MAXVALUE
    CACHE 1
);


--
-- TOC entry 3350 (class 0 OID 17141)
-- Dependencies: 210
-- Data for Name: category; Type: TABLE DATA; Schema: public; Owner: postgres
--

INSERT INTO public.category (id, name) VALUES (1, 'Книги');
INSERT INTO public.category (id, name) VALUES (2, 'Клинки');
INSERT INTO public.category (id, name) VALUES (3, 'Сувениры');
INSERT INTO public.category (id, name) VALUES (4, 'Настольные игры');
INSERT INTO public.category (id, name) VALUES (5, 'Одежда');
INSERT INTO public.category (id, name) VALUES (6, 'Прочее');


--
-- TOC entry 3352 (class 0 OID 17473)
-- Dependencies: 212
-- Data for Name: image; Type: TABLE DATA; Schema: public; Owner: postgres
--

INSERT INTO public.image (id, file_name, product_id) VALUES (1, '89e08f99-bc29-446f-bd10-0dbe88598544.geralt_of_rivia_silver_sword.jpg', 1);
INSERT INTO public.image (id, file_name, product_id) VALUES (2, '1f42858c-894b-44f2-9f9c-3867f3e41584.geralt_of_rivia_silver_sword02.jpg', 1);
INSERT INTO public.image (id, file_name, product_id) VALUES (3, '8e4fb137-a613-4a0d-a323-64f9d68cc35b.geralt_of_rivia_silver_sword03.jpg', 1);
INSERT INTO public.image (id, file_name, product_id) VALUES (4, 'c8ef5da1-c633-4473-a94a-7d1cd72ff3f3.geralt_of_rivia_silver_sword04.jpg', 1);
INSERT INTO public.image (id, file_name, product_id) VALUES (5, 'da8ce247-dd06-436c-aa21-e8fc437f0635.geralt_of_rivia_silver_sword05.jpg', 1);
INSERT INTO public.image (id, file_name, product_id) VALUES (6, 'a153fa47-3dd9-4a2e-a60b-1d1894800936.ursine_silver_sword.jpg', 2);
INSERT INTO public.image (id, file_name, product_id) VALUES (7, '5db83f02-7bd8-43f5-9fb8-c4c0b3d28830.mastercrafted_feline_steel_sword02.jpg', 2);
INSERT INTO public.image (id, file_name, product_id) VALUES (8, 'f7496b39-a0b6-4f21-ad82-271ad21e5f16.mastercrafted_feline_steel_sword03.jpg', 2);
INSERT INTO public.image (id, file_name, product_id) VALUES (9, '503237c5-6958-48bd-8ffd-0f7764ada77a.mastercrafted_feline_steel_sword04.jpg', 2);
INSERT INTO public.image (id, file_name, product_id) VALUES (10, '35552256-8f3b-4c28-a71f-b9751c894f46.mastercrafted_feline_steel_sword05.jpg', 2);
INSERT INTO public.image (id, file_name, product_id) VALUES (11, '898f604b-8890-4401-9340-e5e1f65a2430.aerondight.jpg', 3);
INSERT INTO public.image (id, file_name, product_id) VALUES (12, 'c4486885-461f-42ba-8810-fcbba0f90e21.aerondight02.jpg', 3);
INSERT INTO public.image (id, file_name, product_id) VALUES (13, 'c4371c86-e570-4783-b91b-dfea48ebe8fa.aerondight03.jpg', 3);
INSERT INTO public.image (id, file_name, product_id) VALUES (14, '7ed6158c-7b91-4bf4-b1c1-d5d8d354f478.aerondight04.jpg', 3);
INSERT INTO public.image (id, file_name, product_id) VALUES (15, '4f676db7-32d6-44a7-b5de-985d5654b6ab.aerondight05.jpg', 3);
INSERT INTO public.image (id, file_name, product_id) VALUES (16, '9aa273ac-ca3f-4435-b66b-8c1e31d028d3.steel_sword_wolf_school.jpg', 4);
INSERT INTO public.image (id, file_name, product_id) VALUES (17, '450afe56-08a5-49fe-8bc2-ca4ee7810fb2.steel_sword_wolf_school02.jpg', 4);
INSERT INTO public.image (id, file_name, product_id) VALUES (18, '85140a49-d5c0-4cf0-9c3e-a1b4f3679df7.steel_sword_wolf_school03.jpg', 4);
INSERT INTO public.image (id, file_name, product_id) VALUES (19, '8a8c50af-e09a-4265-8aa3-d0c2819cad66.steel_sword_wolf_school04.jpg', 4);
INSERT INTO public.image (id, file_name, product_id) VALUES (20, '83a1f281-418d-4406-a1f1-839d640f2d0a.steel_sword_wolf_school05.jpg', 4);
INSERT INTO public.image (id, file_name, product_id) VALUES (21, '7dd5a8bf-4a8e-4762-94c0-c4096b219d58.mastercrafted_feline_steel_sword.jpg', 5);
INSERT INTO public.image (id, file_name, product_id) VALUES (22, '08091c69-d1e6-4930-8b28-69d9907a4f04.ursine_silver_sword02.jpg', 5);
INSERT INTO public.image (id, file_name, product_id) VALUES (23, '42f51776-523d-43bc-8354-2bdd0c325592.ursine_silver_sword03.jpg', 5);
INSERT INTO public.image (id, file_name, product_id) VALUES (24, '861d00aa-a488-496a-9c6f-e940cc1726cd.ursine_silver_sword04.jpg', 5);
INSERT INTO public.image (id, file_name, product_id) VALUES (25, '4904e308-6c97-407e-979c-6f75d6f3198a.ursine_silver_sword05.jpg', 5);
INSERT INTO public.image (id, file_name, product_id) VALUES (26, 'c9862a49-3d6c-4e67-a039-ec519d11fa53.von_Everec_sabre.jpg', 6);
INSERT INTO public.image (id, file_name, product_id) VALUES (27, '7c28aa75-8ae6-4b0e-b00b-f25932bccf0a.von_Everec_sabre01.jpg', 6);
INSERT INTO public.image (id, file_name, product_id) VALUES (28, '53f14b72-d0f7-457b-8721-fb0ff124e1ad.von_Everec_sabre02.jpg', 6);
INSERT INTO public.image (id, file_name, product_id) VALUES (29, '1e40414a-31ce-45c5-8006-8fda2397ce0f.von_Everec_sabre04.jpg', 6);
INSERT INTO public.image (id, file_name, product_id) VALUES (30, '457f23e5-a66f-4fa6-bcb7-8716388e3124.von_Everec_sabre05.jpg', 6);
INSERT INTO public.image (id, file_name, product_id) VALUES (31, 'c6a140ca-5b33-4994-be97-0797130b827a.knife-dagger_varyag.jpg', 7);
INSERT INTO public.image (id, file_name, product_id) VALUES (32, '5dcb4588-f290-46e3-9932-fc00ac2de33a.01.jpg', 7);
INSERT INTO public.image (id, file_name, product_id) VALUES (33, 'f8bbbaef-8dba-4976-a467-d686a0fd3423.02.jpg', 7);
INSERT INTO public.image (id, file_name, product_id) VALUES (34, 'e8122cb8-66d7-442e-a9ea-877abaada90b.03.jpg', 7);
INSERT INTO public.image (id, file_name, product_id) VALUES (35, 'bec191fb-9431-4861-96fb-3eaa45e46574.04.jpg', 7);
INSERT INTO public.image (id, file_name, product_id) VALUES (36, 'a293087a-23d4-4405-9332-2090db38aca6.cutting_witcher_knife.jpg', 8);
INSERT INTO public.image (id, file_name, product_id) VALUES (37, '946f275e-b468-4a20-8049-1afdc32d0011.knife1.jpg', 8);
INSERT INTO public.image (id, file_name, product_id) VALUES (38, 'd930eb4b-6af0-45df-89ba-796608900485.knife2.jpg', 8);
INSERT INTO public.image (id, file_name, product_id) VALUES (39, '98c13d7d-dac9-4940-baab-ef176b8842f1.knife3.jpg', 8);
INSERT INTO public.image (id, file_name, product_id) VALUES (40, 'a75927f2-002a-4127-8c35-15b57d002a01.knife4.jpg', 8);
INSERT INTO public.image (id, file_name, product_id) VALUES (41, 'cf21fad9-e77f-4d61-80d6-41345ff4306e.tolst01.jpg', 9);
INSERT INTO public.image (id, file_name, product_id) VALUES (42, 'cf463960-6ece-4bb4-ab28-576ab301443d.tolst02.jpg', 9);
INSERT INTO public.image (id, file_name, product_id) VALUES (43, '5983828e-42d9-4262-bf45-0a345a50a98b.tolst03.jpg', 9);
INSERT INTO public.image (id, file_name, product_id) VALUES (44, '28c6c83c-0c0b-43e4-9a24-fb8eb7f3cb52.tolst04.jpg', 9);
INSERT INTO public.image (id, file_name, product_id) VALUES (45, 'cd201ae0-7660-459b-b478-5df6b91c6f93.tolst05.jpg', 9);
INSERT INTO public.image (id, file_name, product_id) VALUES (46, '26816434-6091-4438-a737-ec6ffb4d52c4.tshirt_man.jpg', 10);
INSERT INTO public.image (id, file_name, product_id) VALUES (47, 'de2d9ed2-c168-4933-b73d-d339ff315f2c.tshirt_man02.jpg', 10);
INSERT INTO public.image (id, file_name, product_id) VALUES (48, '849f3e20-3eb0-470a-8f79-5d35a8cf23a9.tshirt_man03.jpg', 10);
INSERT INTO public.image (id, file_name, product_id) VALUES (49, 'b1f02e24-52c6-4354-9be0-15894ed37306.tshirt_man04.jpg', 10);
INSERT INTO public.image (id, file_name, product_id) VALUES (50, 'f29b3fd1-4268-4a80-a1c0-5bee3b9dac85.tshirt_man05.jpg', 10);


--
-- TOC entry 3354 (class 0 OID 17479)
-- Dependencies: 214
-- Data for Name: orders; Type: TABLE DATA; Schema: public; Owner: postgres
--

INSERT INTO public.orders (id, count, date_time, number, price, status, person_id, product_id) VALUES (12, 1, '2022-12-14 00:49:19.905916', 'f2829850-99d2-4ed9-847a-a6aae7f6417e', 1200, 0, 8, 10);


--
-- TOC entry 3360 (class 0 OID 17583)
-- Dependencies: 220
-- Data for Name: person; Type: TABLE DATA; Schema: public; Owner: postgres
--

INSERT INTO public.person (id, login, password, role) VALUES (1, 'admin', '$2a$10$Nm7mLkWgu9A/Ua8JA8royOOBkDHtsj9AxMj6fhFPHQAqqj8MOQw9S', 'ROLE_ADMIN');
INSERT INTO public.person (id, login, password, role) VALUES (2, 'seller', '$2a$10$t9oAwpGJb/HmPkwa9PbauuOX5KHXnpy1je5J3EyEpOYz7Ar9OZAWi', 'ROLE_SELLER');
INSERT INTO public.person (id, login, password, role) VALUES (8, 'Andrew', '$2a$10$nBxzaFEggAvrm/CIvWTr3OG6YRWgYUeOyFVMmf1geIhv4A2rjDBxG', 'ROLE_USER');
INSERT INTO public.person (id, login, password, role) VALUES (3, 'user_test999', '$2a$10$ZtQh3UbLa3H1FcOS.2dR6O8KJhPpKtukaqWs0C4DY14Lg25.VglEK', 'ROLE_ADMIN');


--
-- TOC entry 3356 (class 0 OID 17493)
-- Dependencies: 216
-- Data for Name: product; Type: TABLE DATA; Schema: public; Owner: postgres
--

INSERT INTO public.product (id, date_time_of_created, description, master, price, title, weight, category_id) VALUES (1, '2022-12-12 00:10:12.022934', 'Любимый меч ведьмака Геральта. Точная его копия, показанного в промо-материалах The Witcher 3: Wild Hunt. Надпись – классическая для ведьмаков: Dubhenn haern am glândeal, morc’h am fhean aiesin – Мой блеск пронзает тьму, и свет мой мрак рассеет.', 'Серебро', 58500, 'Серебряный меч Геральта из Ривии', '1.4 кг', 2);
INSERT INTO public.product (id, date_time_of_created, description, master, price, title, weight, category_id) VALUES (2, '2022-12-12 00:13:14.059296', 'Об этой ведьмачьей гильдии известно очень мало. Упоминания о ней можно было найти лишь в немногих источниках. Основываясь на принципах этой школы, можно предположить, что ее боевые приемы были основаны на выносливости. Также неизвестно местонахождение этой школы и продолжает ли она обучать ведьмаков.', 'Серебро', 49900, 'Серебряный меч Школы Медведя', '1.5 кг', 2);
INSERT INTO public.product (id, date_time_of_created, description, master, price, title, weight, category_id) VALUES (3, '2022-12-12 00:15:35.039601', 'Прежде чем попасть в руки Геральта, он принадлежал к неизвестному по имени великому герою и веками пролежал в глубинах. Реплика, сделанная в мастерской кузнице, была изменена, чтобы улучшить ее полезные свойства. Уменьшен елец, укреплена и изменена форму рукоятки, чтобы она лучше подходила для руки. В качестве любопытного, хвостовик был покрыт кожей акулы.', 'Серебро', 75000, 'Арондит', '1.4 кг', 2);
INSERT INTO public.product (id, date_time_of_created, description, master, price, title, weight, category_id) VALUES (4, '2022-12-12 00:19:44.665019', 'Школа волка-самая известная ведьмачья Гильдия. Его резиденция-замок Каер Морхен, расположенный в Каэдвене. В эту школу входили Геральт из Ривии и Весемир. Крепость была атакована толпой и разрушена. Там постоянно проживало пятнадцать ведьмаков, которые готовили и обучали мальчиков перед испытаниями. Кроме них, зимой в крепость возвращались ведьмаки с тропы, если только не находили другого места для зимовки.', 'Сталь', 18700, 'Стальной меч Школы Волка', '1.4 кг', 2);
INSERT INTO public.product (id, date_time_of_created, description, master, price, title, weight, category_id) VALUES (5, '2022-12-12 00:22:59.323916', 'Кошачья школа – одна из трех школ, упомянутых в книгах Анджея Сапковского. Ее местонахождение неизвестно, и, как и многие другие, она также больше неактивна. Ведьмаки этой школы были шпионами, наемниками и убийцами, а многие были просто психопатами.', 'Сталь', 45000, 'Мастерский стальной меч Школы Кота', '1.3 кг', 2);
INSERT INTO public.product (id, date_time_of_created, description, master, price, title, weight, category_id) VALUES (6, '2022-12-12 00:25:05.419493', 'Фамильный меч фон Эверек. Сабля представляет собой смесь нескольких вариантов: Длинного Меча, польской сабли и Гроссе Мессера. Лезвие было выковано из пружинной стали 50 HF и закалено (HRC в соответствии с назначением). Поперечина была изготовлена из латуни, а также из деталей рукояти.', 'Сталь', 38900, 'Сабля семьи фон Эверек', '1.5 кг', 2);
INSERT INTO public.product (id, date_time_of_created, description, master, price, title, weight, category_id) VALUES (7, '2022-12-12 00:27:17.353291', 'Легкий удобный нож с клинком, имеющим пологие вогнутые линзовидные спуски на две трети ширины клинка, образующие тонкое, прекрасно режущее лезвие толщиной около 0,6 мм в районе подводов. Обух клинка со спинкой рукояти имеет одну плавную дугообразную линию. На пяте перед рукоятью есть подпальцевый вырез для точных работ. Необходимо проявлять некоторую осторожность при работе с большими боковыми нагрузками на лезвие ножа, ввиду небольшой толщины клинка в рабочей части. Монтаж рукояти накладной плашечный. На навершии рукояти, функцию которого выполняет выступающий из под плашек хвостовик, имеется отверстие под темляк.', 'Сталь', 12500, 'Нож-кинжал «Варяг»', '350 г', 2);
INSERT INTO public.product (id, date_time_of_created, description, master, price, title, weight, category_id) VALUES (8, '2022-12-12 00:29:25.923921', 'Кованый нож из нержавеющей стали 95х18 с рукоятью из венге и гравировкой на клинке Твердость стали по HRC 59-60 Длина клинка 146,6 Марка стали 95Х18 Материал рукояти венге Общая длина 268 мм Толщина клинка 3,0 мм. Чехол Кожа', 'Сталь', 13000, 'Разделочный нож ведьмака', '400 г', 2);
INSERT INTO public.product (id, date_time_of_created, description, master, price, title, weight, category_id) VALUES (9, NULL, 'Толстовка 3D сшита из ткани с тонким мягким внутренним слоем. Свободная посадка по фигуре, капюшон, большой карман спереди, в который удобно прятать или греть руки. Сшита из гладкой синтетической ткани, с полным покрытием принтом. Можно заказать со своим дизайном. Тип нанесения: сублимация на ткани Состав: 100% полиэстер Детали: двухслойный капюшон, мягкие манжеты на рукавах и по низу толстовки, спереди карман-кенгуру с мягким внутренним слоем. Правила ухода: стирать при температуре не выше 40 градусов, без отбеливателя. Гладить при температуре не выше 110 градусов', 'M (46)', 3490, 'Толстовка Fire and Water', 'женщине', 5);
INSERT INTO public.product (id, date_time_of_created, description, master, price, title, weight, category_id) VALUES (10, '2022-12-12 00:35:24.022001', '3D футболка прямого кроя с изображение Геральта, выполненная из синтетической ткани, приятной на ощупь.

Состав: 100% полиэстер
Параметры модели на фото: рост 190 см, обхваты 102-84-98 см, размер футболки L.
Тип нанесения: сублимация на ткани
Детали: прямой крой, круглый вырез горловины, длина до линии бедер
Правила ухода: стирать при температуре не выше 40 градусов, без отбеливателя. Гладить при температуре не выше 110 градусов', 'XL (52)', 1200, 'Футболка Wild Hunt', 'мужчине', 5);


--
-- TOC entry 3358 (class 0 OID 17502)
-- Dependencies: 218
-- Data for Name: product_cart; Type: TABLE DATA; Schema: public; Owner: postgres
--



--
-- TOC entry 3366 (class 0 OID 0)
-- Dependencies: 209
-- Name: category_id_seq; Type: SEQUENCE SET; Schema: public; Owner: postgres
--

SELECT pg_catalog.setval('public.category_id_seq', 6, true);


--
-- TOC entry 3367 (class 0 OID 0)
-- Dependencies: 211
-- Name: image_id_seq; Type: SEQUENCE SET; Schema: public; Owner: postgres
--

SELECT pg_catalog.setval('public.image_id_seq', 90, true);


--
-- TOC entry 3368 (class 0 OID 0)
-- Dependencies: 213
-- Name: orders_id_seq; Type: SEQUENCE SET; Schema: public; Owner: postgres
--

SELECT pg_catalog.setval('public.orders_id_seq', 12, true);


--
-- TOC entry 3369 (class 0 OID 0)
-- Dependencies: 219
-- Name: person_id_seq; Type: SEQUENCE SET; Schema: public; Owner: postgres
--

SELECT pg_catalog.setval('public.person_id_seq', 8, true);


--
-- TOC entry 3370 (class 0 OID 0)
-- Dependencies: 217
-- Name: product_cart_id_seq; Type: SEQUENCE SET; Schema: public; Owner: postgres
--

SELECT pg_catalog.setval('public.product_cart_id_seq', 45, true);


--
-- TOC entry 3371 (class 0 OID 0)
-- Dependencies: 215
-- Name: product_id_seq; Type: SEQUENCE SET; Schema: public; Owner: postgres
--

SELECT pg_catalog.setval('public.product_id_seq', 19, true);


--
-- TOC entry 3191 (class 2606 OID 17145)
-- Name: category category_pkey; Type: CONSTRAINT; Schema: public; Owner: postgres
--

ALTER TABLE ONLY public.category
    ADD CONSTRAINT category_pkey PRIMARY KEY (id);


--
-- TOC entry 3193 (class 2606 OID 17477)
-- Name: image image_pkey; Type: CONSTRAINT; Schema: public; Owner: postgres
--

ALTER TABLE ONLY public.image
    ADD CONSTRAINT image_pkey PRIMARY KEY (id);


--
-- TOC entry 3195 (class 2606 OID 17483)
-- Name: orders orders_pkey; Type: CONSTRAINT; Schema: public; Owner: postgres
--

ALTER TABLE ONLY public.orders
    ADD CONSTRAINT orders_pkey PRIMARY KEY (id);


--
-- TOC entry 3203 (class 2606 OID 17589)
-- Name: person person_pkey; Type: CONSTRAINT; Schema: public; Owner: postgres
--

ALTER TABLE ONLY public.person
    ADD CONSTRAINT person_pkey PRIMARY KEY (id);


--
-- TOC entry 3201 (class 2606 OID 17506)
-- Name: product_cart product_cart_pkey; Type: CONSTRAINT; Schema: public; Owner: postgres
--

ALTER TABLE ONLY public.product_cart
    ADD CONSTRAINT product_cart_pkey PRIMARY KEY (id);


--
-- TOC entry 3197 (class 2606 OID 17500)
-- Name: product product_pkey; Type: CONSTRAINT; Schema: public; Owner: postgres
--

ALTER TABLE ONLY public.product
    ADD CONSTRAINT product_pkey PRIMARY KEY (id);


--
-- TOC entry 3199 (class 2606 OID 17508)
-- Name: product uk_qka6vxqdy1dprtqnx9trdd47c; Type: CONSTRAINT; Schema: public; Owner: postgres
--

ALTER TABLE ONLY public.product
    ADD CONSTRAINT uk_qka6vxqdy1dprtqnx9trdd47c UNIQUE (title);


--
-- TOC entry 3206 (class 2606 OID 17590)
-- Name: orders fk1b0m4muwx1t377w9if3w6wwqn; Type: FK CONSTRAINT; Schema: public; Owner: postgres
--

ALTER TABLE ONLY public.orders
    ADD CONSTRAINT fk1b0m4muwx1t377w9if3w6wwqn FOREIGN KEY (person_id) REFERENCES public.person(id);


--
-- TOC entry 3207 (class 2606 OID 17524)
-- Name: product fk1mtsbur82frn64de7balymq9s; Type: FK CONSTRAINT; Schema: public; Owner: postgres
--

ALTER TABLE ONLY public.product
    ADD CONSTRAINT fk1mtsbur82frn64de7balymq9s FOREIGN KEY (category_id) REFERENCES public.category(id);


--
-- TOC entry 3205 (class 2606 OID 17519)
-- Name: orders fk787ibr3guwp6xobrpbofnv7le; Type: FK CONSTRAINT; Schema: public; Owner: postgres
--

ALTER TABLE ONLY public.orders
    ADD CONSTRAINT fk787ibr3guwp6xobrpbofnv7le FOREIGN KEY (product_id) REFERENCES public.product(id);


--
-- TOC entry 3208 (class 2606 OID 17529)
-- Name: product_cart fkdwi4qbou1sxy62x1lj17j0ew8; Type: FK CONSTRAINT; Schema: public; Owner: postgres
--

ALTER TABLE ONLY public.product_cart
    ADD CONSTRAINT fkdwi4qbou1sxy62x1lj17j0ew8 FOREIGN KEY (person_id) REFERENCES public.product(id);


--
-- TOC entry 3204 (class 2606 OID 17509)
-- Name: image fkgpextbyee3uk9u6o2381m7ft1; Type: FK CONSTRAINT; Schema: public; Owner: postgres
--

ALTER TABLE ONLY public.image
    ADD CONSTRAINT fkgpextbyee3uk9u6o2381m7ft1 FOREIGN KEY (product_id) REFERENCES public.product(id);


--
-- TOC entry 3209 (class 2606 OID 17534)
-- Name: product_cart fkhpnrxdy3jhujameyod08ilvvw; Type: FK CONSTRAINT; Schema: public; Owner: postgres
--

ALTER TABLE ONLY public.product_cart
    ADD CONSTRAINT fkhpnrxdy3jhujameyod08ilvvw FOREIGN KEY (product_id) REFERENCES public.product(id);


-- Completed on 2022-12-14 20:40:14

--
-- PostgreSQL database dump complete
--

