--
-- PostgreSQL database dump
--

-- Dumped from database version 14.5
-- Dumped by pg_dump version 14.5

-- Started on 2022-12-11 16:20:34

SET statement_timeout = 0;
SET lock_timeout = 0;
SET idle_in_transaction_session_timeout = 0;
SET client_encoding = 'UTF8';
SET standard_conforming_strings = on;
SELECT pg_catalog.set_config('search_path', '', false);
SET check_function_bodies = false;
SET xmloption = content;
SET client_min_messages = warning;
SET row_security = off;

SET default_tablespace = '';

SET default_table_access_method = heap;

--
-- TOC entry 212 (class 1259 OID 17141)
-- Name: category; Type: TABLE; Schema: public; Owner: postgres
--

CREATE TABLE public.category (
    id integer NOT NULL,
    name character varying(255)
);


ALTER TABLE public.category OWNER TO postgres;

--
-- TOC entry 211 (class 1259 OID 17140)
-- Name: category_id_seq; Type: SEQUENCE; Schema: public; Owner: postgres
--

ALTER TABLE public.category ALTER COLUMN id ADD GENERATED BY DEFAULT AS IDENTITY (
    SEQUENCE NAME public.category_id_seq
    START WITH 1
    INCREMENT BY 1
    NO MINVALUE
    NO MAXVALUE
    CACHE 1
);


--
-- TOC entry 214 (class 1259 OID 17147)
-- Name: image; Type: TABLE; Schema: public; Owner: postgres
--

CREATE TABLE public.image (
    id integer NOT NULL,
    file_name character varying(255),
    product_id integer NOT NULL
);


ALTER TABLE public.image OWNER TO postgres;

--
-- TOC entry 213 (class 1259 OID 17146)
-- Name: image_id_seq; Type: SEQUENCE; Schema: public; Owner: postgres
--

ALTER TABLE public.image ALTER COLUMN id ADD GENERATED BY DEFAULT AS IDENTITY (
    SEQUENCE NAME public.image_id_seq
    START WITH 1
    INCREMENT BY 1
    NO MINVALUE
    NO MAXVALUE
    CACHE 1
);


--
-- TOC entry 218 (class 1259 OID 17203)
-- Name: orders; Type: TABLE; Schema: public; Owner: postgres
--

CREATE TABLE public.orders (
    id integer NOT NULL,
    count integer NOT NULL,
    date_time timestamp without time zone,
    number character varying(255),
    price real NOT NULL,
    status integer,
    person_id integer NOT NULL,
    product_id integer NOT NULL
);


ALTER TABLE public.orders OWNER TO postgres;

--
-- TOC entry 217 (class 1259 OID 17202)
-- Name: orders_id_seq; Type: SEQUENCE; Schema: public; Owner: postgres
--

ALTER TABLE public.orders ALTER COLUMN id ADD GENERATED BY DEFAULT AS IDENTITY (
    SEQUENCE NAME public.orders_id_seq
    START WITH 1
    INCREMENT BY 1
    NO MINVALUE
    NO MAXVALUE
    CACHE 1
);


--
-- TOC entry 210 (class 1259 OID 17105)
-- Name: person; Type: TABLE; Schema: public; Owner: postgres
--

CREATE TABLE public.person (
    id integer NOT NULL,
    login character varying(50),
    password character varying(255),
    role character varying(255)
);


ALTER TABLE public.person OWNER TO postgres;

--
-- TOC entry 209 (class 1259 OID 17104)
-- Name: person_id_seq; Type: SEQUENCE; Schema: public; Owner: postgres
--

ALTER TABLE public.person ALTER COLUMN id ADD GENERATED BY DEFAULT AS IDENTITY (
    SEQUENCE NAME public.person_id_seq
    START WITH 1
    INCREMENT BY 1
    NO MINVALUE
    NO MAXVALUE
    CACHE 1
);


--
-- TOC entry 216 (class 1259 OID 17153)
-- Name: product; Type: TABLE; Schema: public; Owner: postgres
--

CREATE TABLE public.product (
    id integer NOT NULL,
    date_time_of_created timestamp without time zone,
    description text NOT NULL,
    price real NOT NULL,
    weight character varying(255) NOT NULL,
    title text NOT NULL,
    master character varying(255) NOT NULL,
    category_id integer NOT NULL,
    CONSTRAINT product_price_check CHECK ((price >= (1)::double precision))
);


ALTER TABLE public.product OWNER TO postgres;

--
-- TOC entry 220 (class 1259 OID 17209)
-- Name: product_cart; Type: TABLE; Schema: public; Owner: postgres
--

CREATE TABLE public.product_cart (
    id integer NOT NULL,
    person_id integer,
    product_id integer
);


ALTER TABLE public.product_cart OWNER TO postgres;

--
-- TOC entry 219 (class 1259 OID 17208)
-- Name: product_cart_id_seq; Type: SEQUENCE; Schema: public; Owner: postgres
--

ALTER TABLE public.product_cart ALTER COLUMN id ADD GENERATED BY DEFAULT AS IDENTITY (
    SEQUENCE NAME public.product_cart_id_seq
    START WITH 1
    INCREMENT BY 1
    NO MINVALUE
    NO MAXVALUE
    CACHE 1
);


--
-- TOC entry 215 (class 1259 OID 17152)
-- Name: product_id_seq; Type: SEQUENCE; Schema: public; Owner: postgres
--

ALTER TABLE public.product ALTER COLUMN id ADD GENERATED BY DEFAULT AS IDENTITY (
    SEQUENCE NAME public.product_id_seq
    START WITH 1
    INCREMENT BY 1
    NO MINVALUE
    NO MAXVALUE
    CACHE 1
);


--
-- TOC entry 3353 (class 0 OID 17141)
-- Dependencies: 212
-- Data for Name: category; Type: TABLE DATA; Schema: public; Owner: postgres
--

INSERT INTO public.category (id, name) VALUES (1, 'Книги');
INSERT INTO public.category (id, name) VALUES (2, 'Клинки');
INSERT INTO public.category (id, name) VALUES (3, 'Сувениры');
INSERT INTO public.category (id, name) VALUES (4, 'Настольные игры');
INSERT INTO public.category (id, name) VALUES (5, 'Одежда');
INSERT INTO public.category (id, name) VALUES (6, 'Прочее');


--
-- TOC entry 3355 (class 0 OID 17147)
-- Dependencies: 214
-- Data for Name: image; Type: TABLE DATA; Schema: public; Owner: postgres
--

INSERT INTO public.image (id, file_name, product_id) VALUES (1, '44d0937f-e484-402e-b737-a0355007b2b7.05.webp', 1);
INSERT INTO public.image (id, file_name, product_id) VALUES (2, '4a22395f-a18d-4235-a523-30d240f01324.03.jpg', 1);
INSERT INTO public.image (id, file_name, product_id) VALUES (3, 'd5e9b0f8-6ded-47dc-befa-f08abe3021da.02.jpg', 1);
INSERT INTO public.image (id, file_name, product_id) VALUES (4, 'c3bb47bd-ee76-41f1-8a31-924dc552556c.04.jpg', 1);
INSERT INTO public.image (id, file_name, product_id) VALUES (5, '18ca479b-c284-4b37-8786-3a86083cc8c7.01.jpg', 1);
INSERT INTO public.image (id, file_name, product_id) VALUES (6, '5bc37d59-3c5e-44c4-9aeb-8e92d252688d.1.jpg', 2);
INSERT INTO public.image (id, file_name, product_id) VALUES (7, '7cc99314-14bd-4e21-a0ef-5941ff8470ea.2.jpg', 2);
INSERT INTO public.image (id, file_name, product_id) VALUES (8, 'ef67b85f-c089-4a57-a862-e96d2c0512e0.3.jpg', 2);
INSERT INTO public.image (id, file_name, product_id) VALUES (9, '4d143254-ea24-408d-8569-264d8751b6e7.4.jpg', 2);
INSERT INTO public.image (id, file_name, product_id) VALUES (10, '7a7b462a-429d-437a-971b-cab5278fe270.5.jpg', 2);
INSERT INTO public.image (id, file_name, product_id) VALUES (16, 'cd4269f5-6104-4c92-bb3b-675caaaef842.1.jpeg', 4);
INSERT INTO public.image (id, file_name, product_id) VALUES (17, 'f880d468-62c6-43a9-be9d-d596cb702883.2.jpg', 4);
INSERT INTO public.image (id, file_name, product_id) VALUES (18, 'ab9f6479-5699-415e-8013-28a939d917e0.3.jpg', 4);
INSERT INTO public.image (id, file_name, product_id) VALUES (19, '9ca99a4c-6268-4084-8e93-aa4a5a1c69f3.4.jpg', 4);
INSERT INTO public.image (id, file_name, product_id) VALUES (20, '05184581-e517-42f3-a16a-31da5504b0e8.5.jpg', 4);
INSERT INTO public.image (id, file_name, product_id) VALUES (21, '4b002a30-f489-40f5-b950-23cbed0d5392.1.jpg', 5);
INSERT INTO public.image (id, file_name, product_id) VALUES (22, 'fd164e25-e8db-49d2-a183-71d739f7552f.2.jpg', 5);
INSERT INTO public.image (id, file_name, product_id) VALUES (23, '09ba1667-0cac-4588-91a1-9cd6c4ac8487.3.jpg', 5);
INSERT INTO public.image (id, file_name, product_id) VALUES (24, '303f0315-08d7-4bca-8068-b7c70e0bff48.4.jpg', 5);
INSERT INTO public.image (id, file_name, product_id) VALUES (25, 'b007360e-9fc6-495d-b11f-b65f69407052.5.jpg', 5);
INSERT INTO public.image (id, file_name, product_id) VALUES (26, '7d902fd3-8343-42a8-aa87-f5a467aac3df.1 .webp', 6);
INSERT INTO public.image (id, file_name, product_id) VALUES (27, '07679349-66b8-41aa-be7d-d73c48a0fd07.2.jpg', 6);
INSERT INTO public.image (id, file_name, product_id) VALUES (28, '47e05647-bb43-454d-a928-20f1479d8c8d.3.jpg', 6);
INSERT INTO public.image (id, file_name, product_id) VALUES (29, '64674244-e707-4c65-a1a5-36eb749515f5.4.jpg', 6);
INSERT INTO public.image (id, file_name, product_id) VALUES (30, '2ed2ad7f-701b-4505-a7c3-2efc279213df.5.jpg', 6);
INSERT INTO public.image (id, file_name, product_id) VALUES (31, '9c5facca-742c-4cb5-8433-f574b1124531.1 (1).jpg', 7);
INSERT INTO public.image (id, file_name, product_id) VALUES (32, 'aa6eca9e-e13d-49be-83d5-a450450b010d.2.jpg', 7);
INSERT INTO public.image (id, file_name, product_id) VALUES (33, 'cd282cf3-fb35-40a2-9aaa-ca362e79e20c.3.jpg', 7);
INSERT INTO public.image (id, file_name, product_id) VALUES (34, '56ac0832-3591-498e-84e8-cc3ed4faf2fd.4.jpg', 7);
INSERT INTO public.image (id, file_name, product_id) VALUES (35, 'd0c46d28-d26b-4c32-9a06-61709c5c1ff2.5.jpg', 7);
INSERT INTO public.image (id, file_name, product_id) VALUES (36, '2931055b-c75b-4501-8f84-fbf06df8ee44.1 .jpeg', 8);
INSERT INTO public.image (id, file_name, product_id) VALUES (37, '7a065ae9-f99f-4111-bcdf-6a241c570715.2.jpg', 8);
INSERT INTO public.image (id, file_name, product_id) VALUES (38, 'b42d03d7-8bac-455b-a17a-11392e61ccad.3.jpg', 8);
INSERT INTO public.image (id, file_name, product_id) VALUES (39, 'bf7d79fa-3b88-4335-91d0-9098c02abf55.4.jpg', 8);
INSERT INTO public.image (id, file_name, product_id) VALUES (40, '08676212-b9d4-4871-b7c6-67efc2a10b1e.5.jpg', 8);
INSERT INTO public.image (id, file_name, product_id) VALUES (41, '2fd5af89-8a71-4c23-aa67-9ab76f3f7f7c.1.jpg', 9);
INSERT INTO public.image (id, file_name, product_id) VALUES (42, '83bcc626-716b-4b85-b7de-9e6318f59c6f.2.jpeg', 9);
INSERT INTO public.image (id, file_name, product_id) VALUES (43, '6c4f23e1-0d49-4fd4-aa3f-00699b45bf7e.3.jpg', 9);
INSERT INTO public.image (id, file_name, product_id) VALUES (44, 'fd2e3d06-7be1-4a7e-ba0f-d182d5445188.4.jpeg', 9);
INSERT INTO public.image (id, file_name, product_id) VALUES (45, 'f016fd04-87a2-46c8-bd77-9af48b4de752.5.jpg', 9);
INSERT INTO public.image (id, file_name, product_id) VALUES (46, '4c5792aa-43af-46ae-bab7-7c22f546f558.1.jpg', 10);
INSERT INTO public.image (id, file_name, product_id) VALUES (47, '2b105032-2ebf-47f6-924a-b41662f86af9.2.jpg', 10);
INSERT INTO public.image (id, file_name, product_id) VALUES (48, '4170ccf0-0c1b-431d-9c8e-3df64138b360.3.jpg', 10);
INSERT INTO public.image (id, file_name, product_id) VALUES (49, 'c91873e8-2e0e-4fc0-8dee-3f2c00fab098.4.jpg', 10);
INSERT INTO public.image (id, file_name, product_id) VALUES (50, '8e30911b-673b-4db9-8ab4-04cfbc794cdd.5.jpg', 10);
INSERT INTO public.image (id, file_name, product_id) VALUES (61, '843c8c2c-1efc-4830-84cc-0d233b022ece.geralt_of_rivia_silver_sword.jpg', 13);
INSERT INTO public.image (id, file_name, product_id) VALUES (62, '53a145ff-9f61-49af-a3cf-c13bc9407e17.mastercrafted_feline_steel_sword.jpg', 13);
INSERT INTO public.image (id, file_name, product_id) VALUES (63, '76a6ec88-8878-4c10-b6b8-4819c639cc24.steel_sword_wolf_school.jpg', 13);
INSERT INTO public.image (id, file_name, product_id) VALUES (64, 'ba08cbdc-1ff2-4b34-affa-c8c58114c328.steel_sword_wolf_school.webp', 13);
INSERT INTO public.image (id, file_name, product_id) VALUES (65, 'efe5445a-ce75-4089-8d63-f252afc86166.Zirael.webp', 13);


--
-- TOC entry 3359 (class 0 OID 17203)
-- Dependencies: 218
-- Data for Name: orders; Type: TABLE DATA; Schema: public; Owner: postgres
--

INSERT INTO public.orders (id, count, date_time, number, price, status, person_id, product_id) VALUES (102, 1, '2022-12-10 20:22:15.892189', '607dd167-4d63-4037-b495-ba448d791459', 3000, 0, 1, 4);
INSERT INTO public.orders (id, count, date_time, number, price, status, person_id, product_id) VALUES (103, 1, '2022-12-10 20:22:15.898189', '607dd167-4d63-4037-b495-ba448d791459', 33615, 0, 1, 10);
INSERT INTO public.orders (id, count, date_time, number, price, status, person_id, product_id) VALUES (105, 1, '2022-12-10 20:23:16.435087', '373f105b-fa91-4360-aefc-34b9b3b520e8', 3000, 0, 1, 4);
INSERT INTO public.orders (id, count, date_time, number, price, status, person_id, product_id) VALUES (104, 1, '2022-12-10 20:23:16.427095', '373f105b-fa91-4360-aefc-34b9b3b520e8', 77000, 0, 1, 13);
INSERT INTO public.orders (id, count, date_time, number, price, status, person_id, product_id) VALUES (98, 1, '2022-12-10 13:55:43.791347', '69e5e8d5-d3d9-4f34-aa28-4c3dff0df323', 1460, 4, 4, 5);


--
-- TOC entry 3351 (class 0 OID 17105)
-- Dependencies: 210
-- Data for Name: person; Type: TABLE DATA; Schema: public; Owner: postgres
--

INSERT INTO public.person (id, login, password, role) VALUES (3, 'admin', '$2a$10$RC4CL44wEkA.gf7tDTn26.MN1daCzr3Gk.0Q.il5vPLx9sFmUWhly', 'ROLE_ADMIN');
INSERT INTO public.person (id, login, password, role) VALUES (9, 'user_test12', '$2a$10$cQVsuOl7fjrhPcxu9h5La.WNXkCWcTo3B8A1YhjfgBOlIeGZCMGMm', 'ROLE_USER');
INSERT INTO public.person (id, login, password, role) VALUES (2, 'user_test1', '$2a$10$30nGqrLl855vv/WICs1Ve.ea/vS/WI1o/GBBKVPTVY.n2Ek3XY2HS', 'ROLE_USER');
INSERT INTO public.person (id, login, password, role) VALUES (1, 'user_test', '$2a$10$EVxnu5JwY5laJba3i7XZUOtziwgpiB/JnXDsgiek.1ijpclS8DICO', 'ROLE_USER');
INSERT INTO public.person (id, login, password, role) VALUES (10, 'Seller', 'Seller@1234', 'ROLE_SELLER');
INSERT INTO public.person (id, login, password, role) VALUES (4, 'user_test2', '$2a$10$bV7OO/1xc868kpLM374dre6x9bZvZZjvmxGsoJ903.JpNNGlKv2Ce', 'ROLE_ADMIN');
INSERT INTO public.person (id, login, password, role) VALUES (6, 'user_test77', '$2a$10$xCiknCXHiMqi1uFeIjvwI.kL7baE7wX/qt4JXqnCr6C.UcNvI.vnC', 'ROLE_USER');
INSERT INTO public.person (id, login, password, role) VALUES (11, 'user_test15', '$2a$10$Ko.9.dTGrhDmdXgsmSTD4Oh3YGeeg5n0q0WPGHQjZebQK2gzJicKy', 'ROLE_USER');
INSERT INTO public.person (id, login, password, role) VALUES (12, 'user_test25', '$2a$10$c1TnYpACYGkPRnAAOksx0.Jwwabx72bxza5s4amPw1vPKlVaC0TBu', 'ROLE_USER');
INSERT INTO public.person (id, login, password, role) VALUES (13, 'user_test16', '$2a$10$WC.GY9J2UjruE5ZPdQweueqvDDNQrFZCRMdSrUHklrJd4H2o4CVMW', 'ROLE_USER');
INSERT INTO public.person (id, login, password, role) VALUES (14, 'user_test121', '$2a$10$s4hiCLfwn5y4uvheP6UZnumA1XwnzlGes9soRGPW80eaAKFqmg2ge', 'ROLE_USER');
INSERT INTO public.person (id, login, password, role) VALUES (15, 'user_test99', '$2a$10$PlAABl6AONw/bluJoGFBN.Zu4tIZK2LEj7VpxsELG6M3JmrtXVmDS', 'ROLE_USER');
INSERT INTO public.person (id, login, password, role) VALUES (16, 'user_test999', '$2a$10$aqooe7TLccCkSEwQdrbsI..JBUo4V7Ehm6FLSxONhAZRgBmkPxQEy', 'ROLE_SELLER');


--
-- TOC entry 3357 (class 0 OID 17153)
-- Dependencies: 216
-- Data for Name: product; Type: TABLE DATA; Schema: public; Owner: postgres
--

INSERT INTO public.product (id, date_time_of_created, description, price, weight, title, master, category_id) VALUES (5, NULL, 'Джинсы молодежные на лето и осень - незаменимая вещь современного модного базового мужского гардероба. Удобные и функциональные - эти штаны брюки используются в качестве рабочей одежды, для дома, для спорта, для бега. Разнообразие моделей джинсовых брюк широкое: трубы, бананы, бойфренды, джоггеры, slim, бриджи, мотоджинсы. Особой популярностью пользуются прямые и зауженные к низу классические джинсы со средней и высокой посадкой. В коллекции бренда EREMES представлены синие голубые джинсы для мужчин высокого роста ( до 190 см), отлично сочетаются с рубашкой, толстовкой, худи, пиджаком и водолазкой. Модель штанов классического прямого кроя, застежка молния и шарнирная пуговица, накладные карманы сзади, штаны не зауженные, без флиса. Идеальная посадка обеспечена за счет точных лекал с фабрик Турции. Штаны подойдут обладателям больших размеров и высоким мальчикам подросткам. В них удобно водить автомобиль и мотоцикл. Мужские брюки комфортно носить в летний период. Подарок любимому другу папе. Турецкие джинсы мужские прямые широкие штаны классика брюки для невысоких мужская одежда для мальчиков рваные американки брюки с карманами без утепления скинни осень зима casual слоучи момы из плотного денима skinny с потертостями спортивки оверсайз стрейч светлые узкие молодежные слим большие зимние потертые по бокам больших размеров летние брюки', 1460, 'EREMES', 'Джинсы', 'Коледино', 5);
INSERT INTO public.product (id, date_time_of_created, description, price, weight, title, master, category_id) VALUES (4, NULL, 'Размеры (ШхГхВ): 100х38,6х74,6 см Компьютерный стол Софи привлекает своей функциональностью, строгим дизайном и высоким уровнем прочности. Наш стол выполнен в трех цветах поэтому для него найдется место в любой комнате Вашего дома. Может использоваться как детский, компьютерный столик для учебы и отдыха или в кабинет и использовать его как рабочий стол. Вы можете расставить на него косметику и использовать как туалетный столик в спальню. В открытые полочки можно положить не только любимые книги и игрушки, но и различную мелочь для дома. Так же стол отлично впишется в любой офис и станет удобным рабочим местом для сотрудника. Модели обладают стандартной высотой, которая обеспечит вам и вашему ребенку комфортную посадку. Для стола используются сертифицированные, высококачественные ЛДСП, поэтому наша мебель прослужит вам не один год. К набору прилагается подробная инструкция по сборке.', 3000, 'Стендмебель - фабрика мебели', 'Стол письменный', 'Коледино', 2);
INSERT INTO public.product (id, date_time_of_created, description, price, weight, title, master, category_id) VALUES (1, NULL, 'Пушистые', 800000, 'китайец', 'Панды', 'Китай', 3);
INSERT INTO public.product (id, date_time_of_created, description, price, weight, title, master, category_id) VALUES (2, NULL, 'Размеры (ШхГхВ): 75,2х43х75 см. Комод неотъемлемая часть мебели квартиры или дома. Комод деревянный Ксения станет надежным помощником в хранении вещей. Комод для хранения представлен в нескольких цветах: белый, крафт белый, серый, дуб сонома и бук, что позволит вписать в интерьер комнаты и сочетать с другой мебелью в доме. Комод для вещей идет в двух вариантах: с ручками и без них. Во втором варианте в комоде убраны ручки и удлинен фасад, за который и происходит открывание. Универсальность тумбы позволяет использовать ее, как детскую мебель в комнате вашего ребенка, в четырех больших ящиках поместятся игрушки и вещи. Поставьте его вместе с письменным столом Альянс арт. 100243145 в детской и он станет помощником в хранении учебников, тетрадей и канцелярии. В спальне он выступит как тумба для ТВ. А поставив в прихожей, комод Ксения будет сочетаться с обувницей Грация арт. 114272890 и настенной вешалкой Глория арт. 73452816. Мебельная фабрика «Стендмебель» использует только высококачественные материалы и фурнитуру, мы заботимся о наших покупателях и хотим, чтобы наша мебель прослужила Вам как можно дольше. Мы делаем все возможное, чтобы наша продукция доезжала даже в самые дальние уголки нашей страны целой и радовало Вас, для этого мы упаковываем нашу продукцию в картон, а по периметру укрепляем упаковку пенопластом. Для сборки Вам понадобится отвертка или шуроповерт, ключ шестигранник идет в комплекте. Гарантия: 12 месяцев', 3960, 'Стендмебель - фабрика мебели', 'Комод с ящиками', 'Коледино', 2);
INSERT INTO public.product (id, date_time_of_created, description, price, weight, title, master, category_id) VALUES (7, NULL, 'Мужская футбольная куртка для тренировок в прохладную погоду. Утепленная модель дополнена стегаными вставками на подкладке и рукавах. Застежка на молнию и глубокий прилегающий капюшон. Современный приталенный крой.', 11249, 'ВАЙЛДБЕРРИЗ', 'Куртка', 'Коледино', 5);
INSERT INTO public.product (id, date_time_of_created, description, price, weight, title, master, category_id) VALUES (9, NULL, 'Беспроводной ручной портативный пылесос отлично подойдет для уборки различных помещений. В комплекте присутствуют фильтр, вертикальный стакан или контейнер для воды, есть насадки, но набор идет без мешка. Присутствует 3 бака для воды. В одном вода очищается, в другом - хранится в чистом виде, а в третий - поступает грязная. Также есть функция самоочистки пылесоса. И сухая, и влажная уборка с ним станут намного проще и быстрее. Щетка имеет мощный аккумулятор и работает на батарейка. Компактный мобильный пылесос может использоваться как швабра. Моющий прибор хорошо подойдет для уборки шерсти с дивана, чистки ковров, для пыли и грязи, или просто для мытья полов. Мобильный аккумуляторный пылесос очень хороший помощник для дома.', 17995, 'Официальный магазин Polaris', 'Вертикальный пылесос', 'Коледино', 4);
INSERT INTO public.product (id, date_time_of_created, description, price, weight, title, master, category_id) VALUES (10, NULL, 'Новая стиральная машина ATLANT серии INTENSE EXPERT имеет уникальный дизайн, который прекрасно дополнит любой интерьер своим внешним видом. С помощью новых сенсорных технологий достаточно легкого касания для выбора функций и программ. Светодиодные индикаторы и сегментный дисплей машины размещены на панели управления под небольшим углом, что облегчает визуальное восприятие отображаемой информации о работе машины. Благодаря интеллектуальным программам она не только интуитивно понятна в управлении, но и обеспечивает превосходные результаты стирки при низком потреблении воды и электроэнергии. Кроме того, действует увеличенная гарантия 5 лет на двигатель.', 33615, 'ВАЙЛДБЕРРИЗ', 'Стиральная машина', 'Коледино', 6);
INSERT INTO public.product (id, date_time_of_created, description, price, weight, title, master, category_id) VALUES (6, NULL, 'Футболка мужская хлопок спортивная однотонная базовая модная свободная пляжная с коротким рукавом. Стильная хлопковая футболка классического кроя - это вещь унисекс, которая подойдет и мужчинам, и женщинам. СОСТАВ: ХЛОПОК 100% ПЛОТНОСТЬ 180 гр/мк в. Молодежная женская и мужская футболка выполнена из плотной хлопковой ткани и имеет круглый вырез горловины. Удлиненная футболка подходит для отдыха, туризма и занятий спортом: фитнеса, йоги, бега и тренировок в зале. В ней можно отправиться на прогулку в город. Базовая футболка вписывается в школьную форму и офисный стиль. Ее можно носить дома или надеть в школу и на работу в офис под пиджак. Трикотажная футболка оптимальна для носки летом. Она является базовой вещью и будет прекрасно сочетаться со всеми вещами в вашем гардеробе, в том числе в стиле оверсайз. Красивая футболка подойдет парням и девушкам любого роста - высоким и невысоким. Ее могут носить взрослые и подростки. В ассортименте большой выбор ярких цветов. Вы можете подарить ее на день рождения любимому мужу, маме, брату или папе. У нас есть акции и распродажи, вы можете купить наши товары в подарок со скидкой!', 338, 'UZcotton', 'Футболка', 'Коледино', 5);
INSERT INTO public.product (id, date_time_of_created, description, price, weight, title, master, category_id) VALUES (8, NULL, '**5 в 1: Планетарный миксер с 3-мя насадками, Блендер, Мясорубка. Технология SmartMIX - прибор автоматически подбирает оптимальную мощность работы для каждого вида и количества ингредиентов. Технология PROtect+ защита двигателя от перегрева.** Надёжная конструкция со стальными шестернями. Планетарное вращение насадок. Чаша из нержавеющей стали. Объем чаши 5 л. 6 скоростных режимов. Плавная регулировка скорости. Импульсивный режим. Венчик для взбивания. Насадка для смешивания. Крюк для замешивания теста. Крышка чаши для добавления ингредиентов. Мясорубка: 2 диска из нержавеющей стали (5 и 7 мм). Кувшин блендера из высокопрочного стекла объемом 1,5 л.Низкий уровень шума. Система безопасного включения. Защита двигателя от перегрева. Отсек для намотки сетевого шнура. Прорезиненные ножки. Мощность: 1100 Вт.', 10999, 'ВАЙЛДБЕРРИЗ', 'Планетарный миксер', 'Коледино', 4);
INSERT INTO public.product (id, date_time_of_created, description, price, weight, title, master, category_id) VALUES (13, '2022-12-04 14:40:28.117397', 'Острый', 77000, '1.4 кг', 'Серебряный меч Геральта из Ривии', 'Серебро', 2);


--
-- TOC entry 3361 (class 0 OID 17209)
-- Dependencies: 220
-- Data for Name: product_cart; Type: TABLE DATA; Schema: public; Owner: postgres
--

INSERT INTO public.product_cart (id, person_id, product_id) VALUES (189, 1, 6);
INSERT INTO public.product_cart (id, person_id, product_id) VALUES (190, 1, 7);
INSERT INTO public.product_cart (id, person_id, product_id) VALUES (194, 1, 5);
INSERT INTO public.product_cart (id, person_id, product_id) VALUES (160, 6, 7);


--
-- TOC entry 3367 (class 0 OID 0)
-- Dependencies: 211
-- Name: category_id_seq; Type: SEQUENCE SET; Schema: public; Owner: postgres
--

SELECT pg_catalog.setval('public.category_id_seq', 6, true);


--
-- TOC entry 3368 (class 0 OID 0)
-- Dependencies: 213
-- Name: image_id_seq; Type: SEQUENCE SET; Schema: public; Owner: postgres
--

SELECT pg_catalog.setval('public.image_id_seq', 65, true);


--
-- TOC entry 3369 (class 0 OID 0)
-- Dependencies: 217
-- Name: orders_id_seq; Type: SEQUENCE SET; Schema: public; Owner: postgres
--

SELECT pg_catalog.setval('public.orders_id_seq', 105, true);


--
-- TOC entry 3370 (class 0 OID 0)
-- Dependencies: 209
-- Name: person_id_seq; Type: SEQUENCE SET; Schema: public; Owner: postgres
--

SELECT pg_catalog.setval('public.person_id_seq', 16, true);


--
-- TOC entry 3371 (class 0 OID 0)
-- Dependencies: 219
-- Name: product_cart_id_seq; Type: SEQUENCE SET; Schema: public; Owner: postgres
--

SELECT pg_catalog.setval('public.product_cart_id_seq', 194, true);


--
-- TOC entry 3372 (class 0 OID 0)
-- Dependencies: 215
-- Name: product_id_seq; Type: SEQUENCE SET; Schema: public; Owner: postgres
--

SELECT pg_catalog.setval('public.product_id_seq', 13, true);


--
-- TOC entry 3193 (class 2606 OID 17145)
-- Name: category category_pkey; Type: CONSTRAINT; Schema: public; Owner: postgres
--

ALTER TABLE ONLY public.category
    ADD CONSTRAINT category_pkey PRIMARY KEY (id);


--
-- TOC entry 3195 (class 2606 OID 17151)
-- Name: image image_pkey; Type: CONSTRAINT; Schema: public; Owner: postgres
--

ALTER TABLE ONLY public.image
    ADD CONSTRAINT image_pkey PRIMARY KEY (id);


--
-- TOC entry 3201 (class 2606 OID 17207)
-- Name: orders orders_pkey; Type: CONSTRAINT; Schema: public; Owner: postgres
--

ALTER TABLE ONLY public.orders
    ADD CONSTRAINT orders_pkey PRIMARY KEY (id);


--
-- TOC entry 3191 (class 2606 OID 17111)
-- Name: person person_pkey; Type: CONSTRAINT; Schema: public; Owner: postgres
--

ALTER TABLE ONLY public.person
    ADD CONSTRAINT person_pkey PRIMARY KEY (id);


--
-- TOC entry 3203 (class 2606 OID 17213)
-- Name: product_cart product_cart_pkey; Type: CONSTRAINT; Schema: public; Owner: postgres
--

ALTER TABLE ONLY public.product_cart
    ADD CONSTRAINT product_cart_pkey PRIMARY KEY (id);


--
-- TOC entry 3197 (class 2606 OID 17160)
-- Name: product product_pkey; Type: CONSTRAINT; Schema: public; Owner: postgres
--

ALTER TABLE ONLY public.product
    ADD CONSTRAINT product_pkey PRIMARY KEY (id);


--
-- TOC entry 3199 (class 2606 OID 17162)
-- Name: product uk_qka6vxqdy1dprtqnx9trdd47c; Type: CONSTRAINT; Schema: public; Owner: postgres
--

ALTER TABLE ONLY public.product
    ADD CONSTRAINT uk_qka6vxqdy1dprtqnx9trdd47c UNIQUE (title);


--
-- TOC entry 3206 (class 2606 OID 17214)
-- Name: orders fk1b0m4muwx1t377w9if3w6wwqn; Type: FK CONSTRAINT; Schema: public; Owner: postgres
--

ALTER TABLE ONLY public.orders
    ADD CONSTRAINT fk1b0m4muwx1t377w9if3w6wwqn FOREIGN KEY (person_id) REFERENCES public.person(id);


--
-- TOC entry 3205 (class 2606 OID 17168)
-- Name: product fk1mtsbur82frn64de7balymq9s; Type: FK CONSTRAINT; Schema: public; Owner: postgres
--

ALTER TABLE ONLY public.product
    ADD CONSTRAINT fk1mtsbur82frn64de7balymq9s FOREIGN KEY (category_id) REFERENCES public.category(id);


--
-- TOC entry 3207 (class 2606 OID 17219)
-- Name: orders fk787ibr3guwp6xobrpbofnv7le; Type: FK CONSTRAINT; Schema: public; Owner: postgres
--

ALTER TABLE ONLY public.orders
    ADD CONSTRAINT fk787ibr3guwp6xobrpbofnv7le FOREIGN KEY (product_id) REFERENCES public.product(id);


--
-- TOC entry 3208 (class 2606 OID 17224)
-- Name: product_cart fkdwi4qbou1sxy62x1lj17j0ew8; Type: FK CONSTRAINT; Schema: public; Owner: postgres
--

ALTER TABLE ONLY public.product_cart
    ADD CONSTRAINT fkdwi4qbou1sxy62x1lj17j0ew8 FOREIGN KEY (person_id) REFERENCES public.product(id);


--
-- TOC entry 3204 (class 2606 OID 17163)
-- Name: image fkgpextbyee3uk9u6o2381m7ft1; Type: FK CONSTRAINT; Schema: public; Owner: postgres
--

ALTER TABLE ONLY public.image
    ADD CONSTRAINT fkgpextbyee3uk9u6o2381m7ft1 FOREIGN KEY (product_id) REFERENCES public.product(id);


--
-- TOC entry 3209 (class 2606 OID 17229)
-- Name: product_cart fkhpnrxdy3jhujameyod08ilvvw; Type: FK CONSTRAINT; Schema: public; Owner: postgres
--

ALTER TABLE ONLY public.product_cart
    ADD CONSTRAINT fkhpnrxdy3jhujameyod08ilvvw FOREIGN KEY (product_id) REFERENCES public.product(id);


--
-- TOC entry 3210 (class 2606 OID 17301)
-- Name: product_cart fksgnkc1ko2i1o9yr2p63ysq3rn; Type: FK CONSTRAINT; Schema: public; Owner: postgres
--

ALTER TABLE ONLY public.product_cart
    ADD CONSTRAINT fksgnkc1ko2i1o9yr2p63ysq3rn FOREIGN KEY (person_id) REFERENCES public.person(id);


-- Completed on 2022-12-11 16:20:34

--
-- PostgreSQL database dump complete
--

